Model,Accuracy
xgboost,0.7689050211736237
svm,0.7592256503327284
random_forest,0.73502722323049
gradient_boosting,0.7338173018753781
